0,<NULL>
1,<SOS>
2,<EOS>
3,気持ち
4,いい
5,わ
6,ね
7,。
8,

9,毎回
10,、
11,昼間
12,に
13,出発
14,し
15,て
16,悪霊
17,が
18,少ない
19,から
20,夜
21,出
22,み
23,た
24,ん
25,だ
26,けど
27,…
28,どこ
29,行っ
30,か
31,わから
32,ない
33, 
34,暗く
35,で
36,も
37,
38,の
39,境
40,内裏
41,は
42,ロマンティック
43,（
44,←
45,のんき
46,）
47,そう
48,な
49,よ
50,ね〜
51,お化け
52,出る
53,たまん
54,って
55,あんた
56,誰
57,？
58,さっき
59,会っ
60,じゃ
61,もし
62,鳥目
63,人
64,暗い
65,ところ
66,物
67,良く
68,見え
69,あら
70,しか
71,活動
72,見
73,こと
74,ある
75,気
76,する
77,それ
78,取っ
79,食べ
80,たり
81,そー
82,かー
83,邪魔
84,です
85,目
86,前
87,食べれる
88,人類
89,良薬
90,口
91,苦し
92,言葉
93,知っ
94,てる
95,いっ
96,飲ん
97,なけりゃ
98,わかん
99,この
100,湖
101,こんな
102,広かっ
103,かしら
104,霧
105,見通し
106,悪く
107,困っ
108,私
109,方向
110,音痴
111,道
112,迷う
113,妖精
114,所為
115,案内
116,ここ
117,ら
118,辺
119,島
120,あっ
121,でしょ
122,ちっ
123,たぁ
124,驚き
125,なさい
126,強敵
127,いる
128,標的
129,こいつ
130,びっくり
131,だぁ
132,ふざけ
133,やがっ
134,〜
135,なんて
136,英吉利
137,牛
138,と
139,一緒
140,冷凍
141,保存
142,やる
143,！
144,ああ
145,冷え
146,き
147,冷房病
148,なっ
149,ちゃう
150,くそ
151,背水
152,陣
153,一人
154,『
155,』
156,つい
157,くる
158,道案内
159,ありがと
160,来
161,こっち
162,何
163,なく
164,逃げ
165,うーん
166,逃げる
167,とき
168,思う
169,なぁ
170,ちなみ
171,あなた
172,何者
173,えー
174,普通
175,攻撃
176,仕掛け
177,先
178,以外
179,巫女
180,を
181,よかっ
182,たしか
183,言い伝え
184,言い伝える
185,さぁ
186,もらい
187,ます
188,これ
189,以上
190,無い
191,体験版
192,まぁ
193,仕方ない
194,済み
195,ませ
196,お嬢様
197,家
198,窓
199,外
200,っけ
201,そこ
202,紅白
203,書斎
204,暴れ
205,本
206,神社
207,５
208,年
209,分
210,賽銭
211,程度
212,価値
213,うち
214,年中
215,無休
216,参拝客
217,その
218,部屋
219,なんか
220,読める
221,みたい
222,ご
223,主人
224,なん
225,用
226,出し
227,すぎ
228,困る
229,じゃぁ
230,絶対
231,会わ
232,せ
233,さ
234,館
235,空間
236,いじる
237,好き
238,あー
239,お
240,掃除
241,進ま
242,怒ら
243,れる
244,また
245,なさ
246,お客様
247,倒し
248,たっ
249,てっ
250,通し
251,くれ
252,通さ
253,滅多
254,会う
255,よう
256,軟禁
257,れ
258,一帯
259,達
260,あれ
261,迷惑
262,目的
263,日光
264,冥い
265,止め
266,くれる
267,言っ
268,呼ん
269,様
270,危険
271,遭わ
272,せる
273,訳
274,騒ぎ
275,起こせ
276,ば
277,会え
278,こそ
279,時間
280,稼ぎ
281,出来る
282,どお
283,なに
284,いき
285,がっ
286,てん
287,まだまだ
288,２
289,出直し
290,強い
291,なら
292,あるいは
293,せめて
294,１
295,ボム
296,潰さ
297,黙っ
298,使い
299,たら
300,そろそろ
301,姿
302,見せ
303,お嬢さん
304,やっぱり
305,人間
306,使え
307,メイド
308,だっ
309,殺人犯
310,まで
311,大量
312,大丈夫
313,そうそう
314,短絡
315,しかも
316,理由
317,分から
318,とにかく
319,城
320,いく
321,この世
322,ほしい
323,しょう
324,今
325,お腹
326,いっぱい
327,護衛
328,あの
329,雇っ
330,い
331,そんな
332,箱入り
333,一撃
334,咲夜
335,優秀
336,係
337,おかげ
338,首
339,一
340,つ
341,落ち
342,つよい
343,さあ
344,あんまり
345,貰え
346,弱い
347,なかなか
348,月
349,紅い
350,本気
351,殺す
352,今日
353,喘息
354,調子
355,良い
356,とっておき
357,魔法
358,あげる
359,いつ
360,まして
361,暑い
362,激しい
363,女の子
364,おかしく
365,ちゃっ
366,甘い
367,他
368,おかしい
369,奴
370,居る
371,時
372,居
373,なかっ
374,だまし
375,飲み物
376,形
377,紅茶
378,より
379,複雑
380,もの
381,殆ど
382,ほら
383,鶏
384,捌い
385,出来
386,美味しく
387,頂ける
388,捌く
389,さー
390,姉
391,やっ
392,わけ
393,レプリカ
394,いう
395,悪魔
396,レミリア
397,あいつ
398,調理
399,妹
400,君
401,言い
402,たい
403,いつも
404,入り浸っ
405,行こう
406,られ
407,豪雨
408,歩け
409,要注意
410,人物
411,過去
412,やらかし
413,はず
414,４９５
415,年間
416,一回
417,ほんと
418,問題児
419,飛び込む
420,遊び
421,道具
422,遊ぶ
423,弾幕
424,ごっこ
425,パターン
426,作り
427,得意分野
428,神
429,仕える
430,力
431,勝っ
432,思っ
433,もう
434,余裕
435,くせ
436,はい
437,煙
438,頼む
439,お礼
440,ケーキ
441,持っ
442,所
443,食べ物
444,もっ
445,ちゃ
446,だめ
447,甘
448,控えめ
449,ノンシュガー
450,子
451,おとなしく
452,帰っ
453,寝
454,帰ら
455,悪い
456,帰る
457,置い
458,姉さん
459,こう
460,わたし
461,嫌い
462,変
463,ぜ
464,当然
465,手
466,広げ
467,聖者
468,十字架
469,磔
470,まし
471,見える
472,十進
473,法
474,採用
475,指
476,十
477,確か
478,移動
479,おおよそ
480,夏
481,冷える
482,二
483,度
484,陸
485,上がら
486,寒い
487,違う
488,だろ
489,半袖
490,体
491,早く
492,茶
493,屋敷
494,探そう
495,っと
496,とりあえず
497,ぞ
498,逃す
499,あ
500,どう
501,久しぶり
502,私たち
503,知り合い
504,よ〜
505,番人
506,やっぱ
507,だけ
508,つまり
509,成敗
510,どういう
511,教育
512,受け
513,戦う
514,性
515,あわ
516,うそ
517,だ〜
518,わぁ
519,後
520,さっくり
521,貰っ
522,いこ
523,てか
524,でー
525,てく
526,え
527,ぇ
528,ー
529,黒い
530,消極的
531,やっつける
532,載っ
533,最近
534,鉄分
535,足り
536,どっち
537,っつー
538,ビタミン
539,Ａ
540,色々
541,頂こう
542,美味しい
543,簡単
544,素材
545,アク
546,取り除く
547,得意
548,まだ
549,隠しもっ
550,しくしく
551,貧血
552,スペル
553,唱え
554,切れ
555,いやはや
556,捕まえる
557,ワシントン
558,条約
559,引っかかる
560,生類
561,哀れみ
562,令
563,だあ
564,哀れん
565,でぇ
566,雇わ
567,恋愛
568,むしろ
569,営繕
570,小学校
571,まい
572,中等部
573,さて
574,早速
575,仕事
576,取りかかっ
577,貰おう
578,忘れ
579,長
580,倒せ
581,返り討ち
582,トリウム
583,崩壊
584,系列
585,数
586,多い
587,結構
588,古風
589,魔女
590,勝ち目
591,疲れ
592,なれる
593,珍しい
594,おまえ
595,悪寒
596,走る
597,妖気
598,強力
599,ほど
600,隠れる
601,能
602,鷹
603,尻尾
604,隠さ
605,ず
606,脳
607,単純
608,科学的
609,思考
610,中枢
611,必要
612,アレ
613,臭い
614,野菜
615,銀
616,支配者
617,なぜ
618,弱点
619,病
620,弱っ
621,娘
622,面白
623,飲む
624,当たり前
625,小食
626,残す
627,今まで
628,何人
629,血
630,吸っ
631,パン
632,枚数
633,覚え
634,１３
635,枚
636,和食
637,すい
638,植物
639,名前
640,「
641,亜
642,阿相
643,界
644,」
645,楽しい
646,ふふふ
647,仕業
648,どころ
649,よー
650,厄日
651,呼び
652,聞く
653,博
654,麗
655,霊夢
656,フラン
657,ドール
658,魔理沙
659,さん
660,無理
661,なにもん
662,看護婦
663,方
664,良かっ
665,ずっと
666,地下
667,休ん
668,くらい
669,ねぇ
670,週休
671,日
672,やり取り
673,聞い
674,言う
675,たく
676,出よう
677,ほれ
678,存分
679,見る
680,遊ん
681,いくら
682,出す
683,コイン
684,っこ
685,個
686,人命
687,買え
688,コンティニュー
689,満足
690,嘘
691,負ける
692,割と
693,結局
694,なる
695,♪
696,吊る
697,She
698,went
699,and
700,hanged
701,herself
702,then
703,there
704,were
705,none
706,.
707,吊っ
708,そして
709,有名
710,童謡
711,予定
712,最後
713,消え
714,died
715,by
716,the
717,bulletand
718,避け
719,きれ
720,当て
721,外れ
722,悪かっ
723,あいにく
724,弾
725,ま
726,たって
727,死ね
728,首吊り
729,死体
730,醜い
731,大人しく
732,本当
733,歌
734,どおり
735,とけ
736,おい
737,知ら
738,got
739,marriedand
740,...
741,紹介
742,さむ
743,いい加減
744,欲しい
745,眠る
746,季節
747,春眠
748,暁
749,かい
750,つー
751,永眠
752,冬眠
753,哺乳類
754,眠ら
755,安らか
756,あ〜
757,ぁ
758,もっと
759,暖かく
760,私達
761,同じ
762,あと
763,馬酔木
764,花
765,うるさい
766,眠れ
767,ばちっ
768,あんま
769,少し
770,はて
771,迷い込ん
772,だら
773,さておき
774,迷い
775,ようこそ
776,戻れ
777,持ち帰れ
778,幸運
779,略奪
780,開
781,始
782,里
783,軽く
784,身近
785,日常
786,品
787,探さ
788,視界
789,最悪
790,春
791,いや
792,知れ
793,しばらく
794,ぶり
795,遭っ
796,ばかり
797,意味
798,巨人
799,ともかく
800,度っ
801,どれ
802,頭
803,度合い
804,高く
805,嫌
806,冬
807,長く
808,集め
809,関係
810,ちょっと
811,折角
812,旧友
813,出あっ
814,手土産
815,命
816,七色
817,莫迦
818,所詮
819,色
820,割
821,八
822,六
823,厘
824,満た
825,桜
826,花びら
827,判っ
828,うん
829,雲
830,上
831,舞っ
832,何故
833,答え
834,分っ
835,気圧
836,下がる
837,テンション
838,下がり
839,おっと
840,言おう
841,上昇
842,気流
843,たかっ
844,門
845,目的地
846,っぽい
847,早い
848,天敵
849,ねー
850,おそらく
851,騒
852,霊
853,演奏
854,隊
855,呼ばれ
856,花見
857,音楽
858,盛り上げる
859,でき
860,幽霊
861,呼ば
862,雑音
863,始末
864,がんばっ
865,手助け
866,歓迎
867,中
868,権
869,確保
870,ジャック
871,違っ
872,ちょうど
873,なけなし
874,すべて
875,頂く
876,不吉
877,感じ
878,喜ばしく
879,みんな
880,騒がしい
881,生き
882,まさか
883,昔
884,者
885,住む
886,処
887,あの世
888,かぁ
889,入れ
890,危ない
891,結界
892,破っ
893,入っ
894,あんな
895,破れ
896,意思
897,表示
898,張っ
899,のぼる
900,鉄塔
901,子供
902,勝手に
903,よく
904,喋る
905,半分
906,そっち
907,訂正
908,ほんの
909,僅か
910,集まれ
911,西行
912,妖
913,さい
914,ぎょう
915,あやかし
916,満開
917,一押し
918,話
919,斬ら
920,おしまい
921,死ん
922,逝く
923,地獄
924,逝き
925,妖怪
926,鍛え
927,楼観
928,剣
929,斬れ
930,ぬ
931,など
932,十分
933,しよう
934,今年
935,事
936,踏み込ん
937,殺さ
938,死霊
939,ばっか
940,うんざり
941,庭
942,乗り込ん
943,文句
944,用件
945,見事
946,見とれ
947,場所
948,空い
949,いこう
950,思い出し
951,返し
952,封印
953,解け
954,わざわざ
955,解か
956,判ら
957,乗り越え
958,や
959,解く
960,すごく
961,同時
962,復活
963,らしい
964,興味
965,本位
966,ダメ
967,死
968,誘える
969,反魂
970,考え
971,面倒
972,試し
973,時点
974,同然
975,自体
976,見れる
977,オマケ
978,つき
979,冗談
980,幻想郷
981,最初
982,言え
983,番目
984,位
985,詰め
986,肝心
987,百
988,憑き
989,たて
990,ほやほや
991,どの
992,くんだり
993,目標
994,退屈
995,おお
996,とおり
997,赤かっ
998,白かっ
999,目出度い
1000,猫
1001,次
1002,狐
1003,何時
1004,畜生界
1005,お前
1006,橙
1007,酷い
1008,式神
1009,回復
1010,強く
1011,強かっ
1012,休み
1013,冥界
1014,顕界
1015,修復
1016,直接
1017,使い手
1018,起こし
1019,負わす
1020,今度
1021,やら
1022,特に
1023,無かっ
1024,病み上がり
1025,癖
1026,仇
1027,取ら
1028,なきゃ
1029,いけ
1030,さすが
1031,目覚める
1032,まあ
1033,取りあえず
1034,障害
1035,桁
1036,違
1037,く
1038,風情
1039,敵う
1040,式
1041,通用
1042,騙し
1043,てっきり
1044,主
1045,紫（ゆかり）
1046,やすみ
1047,覚める
1048,紫
1049,起き
1050,帳
1051,落ちる
1052,頃
1053,とっ
1054,宵闇
1055,もん
1056,寝る
1057,ただ
1058,損
1059,そいつ
1060,使い魔
1061,倒す
1062,しゅ
1063,寝よう
1064,約束
1065,通り
1066,本命
1067,闇
1068,深い
1069,ましょう
1070,丁度
1071,藍
1072,物騒
1073,おちおち
1074,全然
1075,こ
1076,めでたい
1077,前半
1078,後半
1079,北東
1080,側
1081,薄く
1082,まま
1083,しまう
1084,あらそう
1085,有難う
1086,ござい
1087,いえ
1088,穴
1089,空け
1090,引き直し
1091,おき
1092,後始末
1093,白
1094,玉楼
1095,周り
1096,境界
1097,越し
1098,もらう
1099,元々
1100,引き直さ
1101,増え
1102,変ら
1103,さーて
1104,言わ
1105,つもり
1106,ばっかり
1107,経っ
1108,とにもかくにも
1109,ちゃんと
1110,証拠
1111,まるで
1112,よっぽど
1113,妖魔
1114,調伏
1115,残虐
1116,行為
1117,手当
1118,明ける
1119,一体
1120,何処
1121,住ん
1122,でる
1123,艮（うしとら）
1124,まさに
1125,鬼門
1126,闘う
1127,でし
1128,てろ
1129,とこ
1130,雪山
1131,遭難
1132,やすい
1133,雪
1134,無し
1135,山
1136,遭難者
1137,かわいそう
1138,寒さ
1139,本来
1140,今ごろ
1141,木
1142,下
1143,長い
1144,しっかり
1145,しろ
1146,棲み
1147,犬
1148,飛び出
1149,杭
1150,打た
1151,四
1152,足
1153,生き物
1154,迷っ
1155,吹雪
1156,風向き
1157,ころころ
1158,変っ
1159,どうり
1160,帰り道
1161,遭う
1162,居心地
1163,殺伐
1164,野
1165,温室
1166,都
1167,会派
1168,辺境
1169,田舎
1170,寒く
1171,騒がしかっ
1172,大体
1173,表
1174,異常
1175,凄い
1176,素人
1177,さっぱり
1178,解き方
1179,分ら
1180,隠し
1181,えへへ
1182,企業秘密
1183,オンパッキャラマド
1184,開か
1185,じゃん
1186,どうせ
1187,扉
1188,開く
1189,リリカ
1190,友達
1191,ようやく
1192,よしみ
1193,解い
1194,曲
1195,聴い
1196,代
1197,帰り
1198,開始
1199,ちゃい
1200,たまに
1201,ソロ
1202,やり
1203,う
1204,わかっ
1205,無用
1206,入る
1207,飛び越え
1208,ほう
1209,大分
1210,騒が
1211,来る
1212,きっと
1213,自分
1214,越え
1215,愚か
1216,騒がしく
1217,なろう
1218,集まっ
1219,優雅
1220,洒落
1221,自慢
1222,しかし
1223,渡す
1224,いっそ
1225,全て
1226,奪っ
1227,咲か
1228,渡し
1229,もらおう
1230,どの道
1231,納得
1232,いか
1233,そもそも
1234,この先
1235,行か
1236,渡せ
1237,完全
1238,咲く
1239,妖夢
1240,後継ぎ
1241,辺鄙
1242,一生
1243,終え
1244,代用品
1245,死ぬ
1246,死に
1247,解き
1248,賑やか
1249,毒
1250,死臭
1251,嗅ぐ
1252,匂う
1253,辛気
1254,初めて
1255,失礼
1256,匂い
1257,会話
1258,ずれ
1259,音速
1260,遅い
1261,やれ
1262,残念
1263,空気
1264,温度
1265,上げ
1266,ついで
1267,だし
1268,今夜
1269,宴
1270,準備
1271,おおう
1272,発見
1273,物事
1274,一番
1275,見かけ
1276,あわせ
1277,合わせ
1278,状態
1279,ったって
1280,安く
1281,使う
1282,共
1283,喰い
1284,食べる
1285,使っ
1286,ぐっすり
1287,使える
1288,呼び出し
1289,すれ
1290,来い
1291,妖怪変化
1292,げ
1293,敵わ
1294,遠隔操作
1295,型
1296,パワー
1297,高い
1298,暮らし
1299,そんじょそこら
1300,起きる
1301,なれ
1302,待つ
1303,続け
1304,構わ
1305,心がけ
1306,でしょう
1307,今宵
1308,明度
1309,明る
1310,光
1311,太陽
1312,反射
1313,昼
1314,繋ぐ
1315,唯一
1316,鍵
1317,明るい
1318,とも
1319,つか
1320,親分
1321,かけ
1322,新月
1323,すでに
1324,手の内
1325,夕方
1326,明け方
1327,内
1328,夜桜
1329,見つける
1330,手段
1331,明け
1332,流石
1333,大した
1334,体力
1335,不足
1336,蜂蜜
1337,蓄える
1338,睡眠
1339,任せ
1340,目覚め
1341,用途
1342,合っ
1343,だろう
1344,操る
1345,容易い
1346,遅れ
1347,任さ
1348,弄ら
1349,番
1350,北風
1351,名答
1352,ながら
1353,夢遊病
1354,得意技
1355,覚醒
1356,弄る
1357,便利
1358,とっく
1359,日の入り
1360,辺り
1361,徹夜
1362,クマ
1363,謀っ
1364,雑魚
1365,何に
1366,なりゃ
1367,さっさと
1368,黒幕
1369,登場
1370,願い
1371,くろ
1372,まく
1373,ちょい
1374,待っ
1375,分かっ
1376,例年
1377,結晶
1378,大きい
1379,３
1380,倍
1381,おかしな
1382,空
1383,飛ん
1384,聞か
1385,炬燵
1386,丸く
1387,迷信
1388,信じ
1389,駄目
1390,野猫
1391,保健所
1392,駆逐
1393,浄土
1394,世界
1395,暖か
1396,たてつこう
1397,南無
1398,極楽浄土
1399,幸せ
1400,違い
1401,無駄
1402,過ごし
1403,他人
1404,心配
1405,服
1406,替え
1407,着
1408,ナイフ
1409,悩み
1410,少な
1411,言い切ら
1412,ばら撒い
1413,心当たり
1414,瑣末
1415,今回
1416,騒動
1417,張本人
1418,どいつ
1419,風下
1420,寂れ
1421,多分
1422,思い
1423,集める
1424,たび
1425,近づい
1426,気付か
1427,向う
1428,風上
1429,上空
1430,暖かい
1431,素敵
1432,過ぎ
1433,涙
1434,猛吹雪
1435,質問
1436,ずつ
1437,もの凄く
1438,目指し
1439,たどり着い
1440,風
1441,淀ん
1442,プチ
1443,ネタ
1444,入り
1445,前夜祭
1446,楽し
1447,食料
1448,役
1449,つとまる
1450,無事
1451,あり
1452,いぬ
1453,にく
1454,人肉
1455,潰し
1456,暇
1457,くぐれる
1458,原拠
1459,丸一日
1460,かかっ
1461,しまっ
1462,白玉楼
1463,死者
1464,たち
1465,住まう
1466,常識
1467,考える
1468,痛い
1469,あう
1470,死人
1471,為
1472,戴く
1473,斬れる
1474,寺
1475,霊体
1476,陳腐
1477,武器
1478,勝負
1479,進ん
1480,五月蝿い
1481,もちろん
1482,無く
1483,華やか
1484,怒っ
1485,闘わ
1486,たがっ
1487,さえ
1488,咲け
1489,疑問
1490,解ける
1491,枯れ
1492,咲き
1493,持つ
1494,開花
1495,すぐ
1496,帰し
1497,地上
1498,福寿草
1499,心臓病
1500,困ら
1501,心臓
1502,草
1503,暖気
1504,亡骸
1505,箇所
1506,美しい
1507,美しく
1508,改めて
1509,みる
1510,広い
1511,違わ
1512,畜生
1513,ども
1514,とある
1515,大差
1516,階段
1517,脇
1518,飛躍
1519,大自然
1520,探し
1521,落ち着き
1522,大変
1523,へ
1524,洗濯
1525,へぇ
1526,丘
1527,帰ろう
1528,きゅう
1529,す
1530,ふん
1531,苛め
1532,へこたれ
1533,かける
1534,退治
1535,限界
1536,ですぅ
1537,放っ
1538,起こす
1539,さぞかし
1540,否定
1541,あげ
1542,おく
1543,治安
1544,死刑
1545,摩天
1546,閻魔
1547,経済力
1548,智恵
1549,有名人
1550,サイン
1551,いやぁ
1552,直筆
1553,二枚舌
1554,です〜
1555,極楽
1556,曖昧
1557,鬼
1558,無法地帯
1559,魔界
1560,怖く
1561,比べ
1562,此処
1563,抜け出せ
1564,無間
1565,蜘蛛
1566,糸
1567,見つけ
1568,られる
1569,細く
1570,通る
1571,大きな
1572,昆虫
1573,捕まえ
1574,蝶
1575,泥棒
1576,入ら
1577,人聞き
1578,格好
1579,いれ
1580,忍び込ん
1581,平気
1582,思え
1583,布団
1584,取り
1585,枕
1586,無さ
1587,漂流物
1588,届く
1589,海
1590,大人
1591,始まっ
1592,焦ら
1593,焦っ
1594,連れ出し
1595,報酬
1596,付く
1597,払う
1598,無視
1599,度胸
1600,なり
1601,覚悟
1602,出歩く
1603,大事
1604,蚊取り
1605,線香
1606,蛍
1607,虫
1608,多く
1609,ええ
1610,自然
1611,豊か
1612,らしく
1613,ちょ
1614,ヒトネギ
1615,ふーん
1616,雀
1617,襲っ
1618,代わり
1619,ほっ
1620,とい
1621,急ぎ
1622,訳あり
1623,一度
1624,行く
1625,相手
1626,からかわ
1627,全く
1628,羽
1629,蟲
1630,王
1631,気取り
1632,絶望的
1633,け
1634,小鳥
1635,取り扱い
1636,付け
1637,真夜中
1638,襲おう
1639,惨状
1640,元
1641,戻し
1642,しつこい
1643,筈
1644,しっぽり
1645,間
1646,どんどん
1647,沈ん
1648,ごと
1649,消し
1650,見逃す
1651,守る
1652,まやかし
1653,立た
1654,うう
1655,情け
1656,半獣
1657,満月
1658,なけれ
1659,人面犬
1660,人面
1661,岩
1662,顔
1663,残し
1664,変身
1665,全身
1666,牛頭
1667,馬頭
1668,獣
1669,引か
1670,歴史
1671,満漢
1672,全席
1673,点心
1674,毎日
1675,飲茶
1676,眼中
1677,あっち
1678,昨今
1679,原因
1680,作っ
1681,指先
1682,70
1683,向き
1684,110
1685,動く
1686,撃つ
1687,間違え
1688,奇遇
1689,場合
1690,見飽き
1691,明日
1692,いじっ
1693,後ろ
1694,日本語
1695,話せ
1696,歪
1697,大して
1698,害
1699,終ら
1700,だらけ
1701,喰う
1702,自滅
1703,地
1704,果て
1705,追う
1706,白々しい
1707,程
1708,追っ
1709,着い
1710,分け
1711,お陰
1712,犯人
1713,取り合えず
1714,負け
1715,仕様
1716,朝
1717,祈る
1718,永遠
1719,風邪
1720,ひか
1721,遅かっ
1722,姫
1723,連れ
1724,出せ
1725,取り敢えず
1726,来れる
1727,損し
1728,なおさら
1729,悪
1730,んー
1731,密室
1732,師匠
1733,永琳
1734,取っておき
1735,秘術
1736,化
1737,判る
1738,ううん
1739,無くす
1740,術
1741,勘
1742,ウドンゲ
1743,荒事
1744,狂気
1745,ください
1746,閉ざさ
1747,空か
1748,戻ら
1749,戦える
1750,狂わ
1751,催眠術
1752,弱かっ
1753,危な
1754,狂わす
1755,兎
1756,多
1757,呼ばわり
1758,奥
1759,自殺
1760,白兎
1761,皮
1762,引ん剥く
1763,あそこ
1764,まずい
1765,間に合わ
1766,しから
1767,ぅ
1768,廊下
1769,終っ
1770,観念
1771,あはははは
1772,貴方
1773,馬鹿
1774,返す
1775,聞き分け
1776,完成
1777,連れ出す
1778,来れ
1779,戻す
1780,取り戻し
1781,せっかち
1782,偽
1783,永い
1784,結ぶ
1785,偽物
1786,通路
1787,偽満
1788,生み出し
1789,幻像
1790,騙さ
1791,戻る
1792,焦る
1793,まんまと
1794,嵌る
1795,不思議
1796,万事
1797,解決
1798,大正解
1799,正解
1800,今頃
1801,辿りつけ
1802,彷徨っ
1803,民
1804,最大
1805,化し
1806,狂っ
1807,機会
1808,世
1809,させ
1810,わかる
1811,久々
1812,本物
1813,客
1814,輝夜
1815,名乗っ
1816,恩
1817,着せよう
1818,出さ
1819,たま
1820,大切
1821,扱う
1822,言い方
1823,宿る
1824,儚い
1825,霊（たま）
1826,球
1827,貴き
1828,狂おしい
1829,珠
1830,避ける
1831,美しき
1832,台詞
1833,怒る
1834,伝わる
1835,何せ
1836,毒気
1837,難題
1838,待ち構え
1839,決まっ
1840,水
1841,さす
1842,身
1843,余り
1844,出れ
1845,遊ば
1846,戻っ
1847,けじめ
1848,懲らしめれ
1849,ってー
1850,懲らしめる
1851,心
1852,敗れ去っ
1853,五
1854,幾つ
1855,肝試し
1856,肝
1857,触れ
1858,騒い
1859,一段
1860,騒ぐ
1861,出かける
1862,馬鹿者
1863,認める
1864,竹林
1865,持ち主
1866,丑三つ時
1867,沢山
1868,あろう
1869,生き肝
1870,喰わ
1871,放題
1872,反撃
1873,・
1874,ぐ
1875,む
1876,等
1877,けしかけ
1878,ったら
1879,いっつ
1880,不便
1881,盛り上がっ
1882,便乗
1883,遣
1884,強気
1885,気乗り
1886,死な
1887,にっくき
1888,どだい
1889,腹立たしい
1890,乗り
1891,思いっきり
1892,人生
1893,ゲームオーバー
1894,戻り橋
1895,一方
1896,通行
1897,望み
1898,試さ
1899,貰う
1900,強
1901,すぎる
1902,何度
1903,頼りない
1904,痛い痛い
1905,面白い
1906,痛
1907,へったくれ
1908,	
1909,怖い
1910,まんじゅう
1911,丸い
1912,フォルム
1913,卵
1914,彷彿
1915,あん
1916,終了
1917,掻っ捌い
1918,確認
1919,ひ
1920,じみ
1921,不老不死
1922,食せ
1923,やめる
1924,連中
1925,いまさら
1926,魂
1927,入れる
1928,器
1929,差別
1930,前言
1931,撤回
1932,動か
1933,大
1934,正
1935,解
1936,綺麗
1937,えっ
1938,待宵
1939,呑気
1940,月見
1941,楽しめ
1942,人手
1943,連れ出さ
1944,楽しま
1945,二方
1946,楽しん
1947,惜しい
1948,蛍狩
1949,ったく
1950,勘違い
1951,夜中
1952,毎年
1953,恒例
1954,強化
1955,月間
1956,喧嘩
1957,売っ
1958,滑稽
1959,腕
1960,魔
1961,砲
1962,残ら
1963,恐れ
1964,全滅
1965,呼べる
1966,はっはっは
1967,三昧
1968,どんな
1969,暗闇
1970,ばっちり
1971,かまっ
1972,急ぐ
1973,向っ
1974,敵
1975,感じる
1976,善良
1977,にゃ
1978,がかっ
1979,信用
1980,やんごとな
1981,事情
1982,下がれ
1983,明け渡し
1984,喰おう
1985,やはり
1986,急い
1987,通り過ぎ
1988,少々
1989,騒々し
1990,過ぎる
1991,騒々しい
1992,こっそり
1993,写真
1994,ぐらい
1995,不穏
1996,漂っ
1997,遮断
1998,からー
1999,襲う
2000,明け渡せ
2001,用事
2002,与太郎
2003,させる
2004,取り戻そう
2005,教え
2006,待て
2007,誤解
2008,同罪
2009,企ん
2010,歯切れ
2011,どけ
2012,不味い
2013,懲らしめ
2014,思わ
2015,判り
2016,易く
2017,諦め
2018,欠け
2019,地蔵
2020,傘
2021,かぶせ
2022,廻っ
2023,アリス
2024,どき
2025,蓄え
2026,光る
2027,竹
2028,屈折
2029,お終い
2030,仕切り
2031,なおす
2032,二人
2033,回
2034,悪巧み
2035,負け犬
2036,おう
2037,こん
2038,長けれ
2039,達人
2040,雑巾掛け
2041,終る
2042,手間
2043,少なく
2044,済む
2045,紛れ込ん
2046,忙しい
2047,こそ泥
2048,まっとう
2049,同業者
2050,本題
2051,異変
2052,仲間
2053,悶着
2054,選び
2055,つつ
2056,古代
2057,コピー
2058,使用
2059,時代
2060,無秩序
2061,懐かしい
2062,能力
2063,特許
2064,べき
2065,間違っ
2066,ベラベラ
2067,喋っ
2068,決まる
2069,催眠
2070,罠
2071,真っ直ぐ
2072,飛べ
2073,跡形
2074,消え去る
2075,ぺんぺん草
2076,吐ける
2077,貧弱
2078,月面
2079,頭脳
2080,扱い
2081,ブレイン
2082,開い
2083,火薬庫
2084,元凶
2085,行け
2086,んな
2087,焦り
2088,誘導
2089,付か
2090,導か
2091,星
2092,よっ
2093,切ら
2094,辿り着け
2095,探し出せ
2096,大抵
2097,鈴
2098,仙
2099,生まれ
2100,別
2101,楽しむ
2102,問題
2103,来よう
2104,挙句
2105,旗
2106,立て
2107,下賎
2108,真似
2109,隠せ
2110,報復
2111,受ける
2112,済ん
2113,残り
2114,痛み
2115,つけれ
2116,あらあら
2117,薬学
2118,心得
2119,多少
2120,怪我
2121,有難い
2122,滋養
2123,薬
2124,向かっ
2125,何百
2126,何千
2127,魔力
2128,寝ぼけ
2129,いま
2130,光線
2131,降り注い
2132,つけ
2133,甦っ
2134,穢れ
2135,妖しく
2136,照らす
2137,すら
2138,太古
2139,記憶
2140,びしびし
2141,待た
2142,発狂
2143,狂う
2144,慣れ
2145,隔離
2146,隠す
2147,大げさ
2148,かくれんぼ
2149,あまり
2150,訪れ
2151,見方
2152,穢い
2153,たっぷり
2154,大昔
2155,駄々
2156,こねる
2157,まね
2158,天罰
2159,下る
2160,連れ出そう
2161,与え
2162,連れ出せる
2163,不気味
2164,不条理
2165,恐怖
2166,向こう
2167,お化け屋敷
2168,鳴く
2169,黙る
2170,ほっつき歩く
2171,喰っ
2172,筍
2173,狩り
2174,判れ
2175,勇気
2176,さぞ
2177,硬く
2178,歯ごたえ
2179,扱っ
2180,てぇ
2181,幻視
2182,実
2183,生
2184,余計
2185,無くなり
2186,純粋
2187,近い
2188,煮
2189,焼い
2190,蒸し
2191,揚げ
2192,例
2193,伝説
2194,存在
2195,吹き込ま
2196,蓬莱
2197,とう
2198,至る
2199,いまだ
2200,亡き
2201,千
2202,続く
2203,争い
2204,持ちかけ
2205,できる
2206,踏ん
2207,倒さ
2208,歯応え
2209,刺客
2210,ぜひ
2211,健康
2212,したがっ
2213,不要
2214,決して
2215,禁忌
2216,だしゃ
2217,病苦
2218,忘れる
2219,三
2220,苦
2221,輪
2222,悩む
2223,在り
2224,動ける
2225,筋肉痛
2226,動け
2227,割る
2228,本体
2229,肉体
2230,捨てる
2231,のみ
2232,新しい
2233,生める
2234,大きさ
2235,持た
2236,造る
2237,逆
2238,失っ
2239,滅ぶ
2240,やけ
2241,詳しい
2242,欲し
2243,人形
2244,自立
2245,効か
2246,くっつい
2247,別物
2248,不死
2249,不
2250,異なる
2251,似
2252,黒く
2253,肝硬変
2254,酒
2255,肝臓
2256,冒さ
2257,奇麗
2258,よぅ
2259,魅力
2260,付い
2261,現れ
2262,現れる
2263,可哀相
2264,減
2265,殺生
2266,以下
2267,はぁ
2268,無慈悲
2269,あーあ
2270,感嘆符
2271,内容
2272,途中
2273,話題
2274,変え
2275,伝わら
2276,動き
2277,止まら
2278,蝙蝠
2279,組み合わせ
2280,いら
2281,餓鬼
2282,夜遊び
2283,勿論
2284,ねむ
2285,人狩り
2286,サービス
2287,タイム
2288,きり
2289,まったく
2290,飛ぶ
2291,鳥
2292,フライドチキン
2293,fly
2294,フライド
2295,変形
2296,闇夜
2297,フライ
2298,進む
2299,進み
2300,短い
2301,燃料
2302,補給
2303,通り抜け
2304,餓え
2305,残る
2306,むむ
2307,戯れ
2308,製
2309,有り
2310,態度
2311,保護
2312,家庭
2313,教師
2314,郷土
2315,歴史学
2316,先生
2317,知識人
2318,要り
2319,ひっかかる
2320,頂け
2321,物凄く
2322,偉
2323,ワーハクタク
2324,運命
2325,頂い
2326,すっきり
2327,きれいさっぱり
2328,すっかり
2329,上流
2330,見失っ
2331,行き先
2332,立つ
2333,要ら
2334,読ん
2335,立っ
2336,ムダ
2337,知識
2338,豊富
2339,流れ
2340,普段
2341,動い
2342,ごまかせ
2343,時刻
2344,止まる
2345,延びる
2346,そりゃ
2347,止める
2348,下さい
2349,そん
2350,吸血鬼
2351,跋扈
2352,許し
2353,よぉ
2354,おっしゃっ
2355,場
2356,正常
2357,戻さ
2358,急が
2359,調整
2360,かまわ
2361,借り
2362,チャンス
2363,おっしゃる
2364,棺桶
2365,紅く
2366,冥く
2367,迷わ
2368,逃さ
2369,いきなり
2370,驚い
2371,すきま
2372,落とし込む
2373,飲ま
2374,答える
2375,復元（ボソ）
2376,怪しい
2377,挑戦
2378,的
2379,見た目
2380,付き
2381,近辺
2382,断て
2383,這いつくばっ
2384,生きる
2385,穢
2386,汚れ
2387,変化
2388,夜型
2389,お迎え
2390,発
2391,悪党
2392,面
2393,決まれ
2394,何事
2395,順路
2396,尚且つ
2397,圧倒
2398,コツ
2399,引き返す
2400,引き返さ
2401,嵌っ
2402,右
2403,左
2404,フラフラ
2405,出口
2406,比べ物
2407,圧倒的
2408,決着
2409,延ばし
2410,間に合っ
2411,終わり
2412,嵌め
2413,大き
2414,偽者
2415,壊せ
2416,行き来
2417,幻影
2418,惑わさ
2419,無茶苦茶
2420,モップ
2421,恐らく
2422,腰
2423,痛め
2424,大掛かり
2425,愚か者
2426,追手
2427,迎えれ
2428,使者
2429,生粋
2430,やろう
2431,手加減
2432,出会っ
2433,随分
2434,誘い出し
2435,安心
2436,なめ
2437,威厳
2438,保て
2439,もはや
2440,ガキ
2441,幼い
2442,積み重ね
2443,割れ
2444,ゼロ
2445,永久
2446,みれ
2447,須臾
2448,年長者
2449,敬わ
2450,若い
2451,逆鱗
2452,敬い
2453,フェイク
2454,速攻
2455,頂き
2456,有る
2457,負っ
2458,貰わ
2459,合わ
2460,無敵
2461,聞き
2462,真実
2463,いつ頃
2464,失わ
2465,直
2466,危なく
2467,場面
2468,頼り
2469,狂い
2470,始め
2471,様々
2472,ふふ
2473,我々
2474,魔物
2475,調節
2476,自ら
2477,次第
2478,益々
2479,増長
2480,無くなっ
2481,潮
2482,満ち干
2483,無関係
2484,海岸
2485,終い
2486,攻め込ん
2487,戦え
2488,帰れ
2489,味方
2490,おおっぴら
2491,試す
2492,クリア
2493,変わり
2494,尋常
2495,同士
2496,討ち
2497,食事
2498,そちら
2499,見れ
2500,誇り
2501,高き
2502,ぃ
2503,さらに
2504,草木
2505,はずれ
2506,納涼
2507,喜ば
2508,せれ
2509,演じる
2510,魑魅
2511,魍魎
2512,類
2513,畏れ
2514,恐れる
2515,矢
2516,打ち抜か
2517,れよう
2518,一瞬
2519,消す
2520,火
2521,焼か
2522,吸い
2523,無限
2524,湧く
2525,瓢箪
2526,未来
2527,鋭く
2528,切れる
2529,鈍い
2530,仕込ん
2531,かぐや
2532,遣わす
2533,ふざける
2534,乗っ
2535,富士
2536,火山
2537,灰
2538,不尽
2539,生まれる
2540,甦る
2541,お嬢ちゃん
2542,トラウマ
2543,もー
2544,降参
2545,挑発
2546,そっ
2547,聴こえ
2548,闘い
2549,続ける
2550,撃た
2551,痛く
2552,仕方
2553,溜まる
2554,パチュリー
2555,困り
2556,蠢く
2557,斬り
2558,潰す
2559,斬る
2560,夜明け
2561,気付い
2562,寄り道
2563,話し
2564,幽々子
2565,さま
2566,狙い
2567,定め
2568,討つ
2569,かかる
2570,回れ
2571,あぁ
2572,枝
2573,倒れ
2574,傾け
2575,放す
2576,倒れる
2577,くるくる
2578,歌声
2579,届か
2580,鳴き声
2581,最も
2582,音
2583,なんぼ
2584,マシ
2585,聞こえ
2586,祭り
2587,始まる
2588,えぇ
2589,まず
2590,落とさ
2591,小骨
2592,通す
2593,じき
2594,去り
2595,好き嫌い
2596,迷子
2597,振り
2598,亡霊
2599,人外
2600,通り過ぎる
2601,ふらふら
2602,いやいや
2603,観光
2604,旅行
2605,聞き捨て
2606,怪しく
2607,追い出す
2608,龍
2609,もっとも
2610,足し
2611,不完全
2612,取り戻さ
2613,料理
2614,楽しみ
2615,不安
2616,鱗
2617,待ち
2618,まっ
2619,やっつけ
2620,現実
2621,背ける
2622,沈む
2623,おけ
2624,成長
2625,打つ
2626,追い
2627,撃っ
2628,本番
2629,とんだ
2630,筋書き
2631,必然
2632,漸く
2633,見つかり
2634,宇宙
2635,焦らせ
2636,取り込み
2637,斬っ
2638,即刻
2639,やめ
2640,行き
2641,荒っぽい
2642,件
2643,優し
2644,減っ
2645,既に
2646,教える
2647,っつ
2648,正気
2649,廻る
2650,気分
2651,揺られ
2652,酔っ
2653,薬膳
2654,休憩
2655,しれ
2656,追いつい
2657,逃し
2658,半人
2659,短時間
2660,見失う
2661,半
2662,尾行
2663,星空
2664,込ん
2665,天上
2666,古
2667,黴
2668,生え
2669,裏
2670,ひっそり
2671,臭く
2672,黴臭い
2673,持ち出し
2674,無くせ
2675,辿りつい
2676,犯罪者
2677,罪
2678,犯し
2679,隠そう
2680,認め
2681,言い訳
2682,始める
2683,指示
2684,盾
2685,硬い
2686,ごらん
2687,向い
2688,援護
2689,防ぐ
2690,我
2691,作用
2692,やわらかい
2693,部分
2694,腐っ
2695,能天気
2696,無意味
2697,ナマ
2698,腐ら
2699,お守り
2700,魂魄
2701,役割
2702,留
2703,溢れる
2704,浴び
2705,腐りかけ
2706,発酵
2707,見捨て
2708,忌まわしい
2709,久しい
2710,心眼
2711,瞑っ
2712,真っ暗
2713,刀
2714,欠ける
2715,無くなる
2716,丸
2717,傷
2718,転がし
2719,急
2720,開ける
2721,眩し
2722,眼
2723,眩む
2724,ワビ
2725,命令
2726,楼
2727,戦い
2728,止ん
2729,一際
2730,異彩
2731,放つ
2732,珍しく
2733,目立つ
2734,うわ
2735,不自然
2736,─
2737,呪い
2738,食し
2739,呪わ
2740,酷く
2741,嫌わ
2742,初対面
2743,かけよう
2744,死なす
2745,取り殺そう
2746,怯え
2747,怯える
2748,相性
2749,腹
2750,な〜
2751,食す
2752,輪廻
2753,成仏
2754,転生
2755,続か
2756,じゃあ
2757,なー
2758,確かめ
2759,美味し
2760,果たして
2761,増やす
2762,新た
2763,生ま
2764,色鮮やか
2765,冥
2766,超越
2767,解き放た
2768,見よ
2769,限り
2770,鈍く
2771,あちこち
2772,痛ま
2773,杯
2774,闘っ
2775,安心感
2776,抜い
2777,滅相
2778,年下
2779,強さ
2780,頑張っ
2781,勝て
2782,煮る
2783,焼く
2784,効力
2785,焼き
2786,熱い
2787,誘っ
2788,中止
2789,明らか
2790,戦わ
2791,中断
2792,再開
2793,苦手
2794,えぇぇ
2795,変わら
2796,氷
2797,まんべん
2798,鴨
2799,葱
2800,しょっ
2801,～
2802,唄う
2803,選ば
2804,プロ
2805,詠う
2806,お手上げ
2807,辿り着く
2808,自信
2809,まんざら
2810,明かり
2811,取り込ま
2812,調べ
2813,書い
2814,頂戴
2815,上がっ
2816,ヒント
2817,ついに
2818,遅
2819,オフ
2820,楽器
2821,浸透
2822,平穏
2823,咲い
2824,手応え
2825,香り
2826,取れ
2827,材料
2828,肴
2829,ジャスミン
2830,突き止め
2831,本格的
2832,近寄ら
2833,うろうろ
2834,適当
2835,戦っ
2836,威張れる
2837,目指そう
2838,手掛かり
2839,見つから
2840,日和り
2841,池
2842,有っ
2843,蓮
2844,人影
2845,数時間
2846,動き始め
2847,やっと
2848,山奥
2849,記事
2850,しがない
2851,天狗
2852,新聞
2853,記者
2854,行動
2855,先ほど
2856,構い
2857,はあ
2858,のこのこ
2859,隠し撮り
2860,てれ
2861,情報通
2862,感じ取れ
2863,うすうす
2864,気づい
2865,訊か
2866,浮かれ
2867,墓場
2868,ブツブツ
2869,死に急ぐ
2870,警告
2871,三途
2872,渡し賃
2873,法外
2874,ごとき
2875,渡れ
2876,渡ら
2877,お金
2878,あたい
2879,川
2880,一級
2881,案内人
2882,小野塚
2883,小町
2884,彼岸
2885,タイタニック
2886,っ
2887,たあ
2888,船
2889,払え
2890,豪華
2891,客船
2892,割引
2893,にて
2894,サボっ
2895,運ん
2896,半額
2897,大型
2898,運び
2899,許容量
2900,オーバー
2901,落ちこぼれ
2902,ボス
2903,わー
2904,きゃん
2905,様子
2906,此岸
2907,挙げ句
2908,真面目
2909,死神
2910,無縁
2911,不安定
2912,持ち
2913,たがる
2914,行き場
2915,拠り所
2916,予期
2917,無念
2918,性格
2919,質
2920,表す
2921,向日葵
2922,明るかっ
2923,宿り
2924,友人
2925,寂しい
2926,つべこべ
2927,大勢
2928,交流
2929,牙
2930,むく
2931,業
2932,深
2933,そ
2934,裁き
2935,易しい
2936,決定
2937,覆す
2938,不可能
2939,担当
2940,非
2941,人殺し
2942,戦争
2943,免罪符
2944,減らす
2945,ため
2946,善行
2947,積む
2948,罪深い
2949,降りしきる
2950,断罪
2951,食べ過ぎる
2952,壊す
2953,ど
2954,腹巻き
2955,出没
2956,禁止
2957,桔梗
2958,菖蒲
2959,全部
2960,視野
2961,狭窄
2962,陥り
2963,近く
2964,当たる
2965,襲撃
2966,歩く
2967,猛禽類
2968,色んな
2969,ぐるぐる
2970,回っ
2971,ラッキー
2972,アイテム
2973,無けれ
2974,レアアイテム
2975,上がり込ん
2976,要領
2977,得
2978,静か
2979,騒々しく
2980,騒がし
2981,騒音
2982,喧しく
2983,聞こえる
2984,森
2985,軟弱
2986,受けつけ
2987,きれる
2988,積極的
2989,当たり
2990,呑み
2991,辿り着か
2992,ほとんど
2993,探す
2994,捜し
2995,飽き
2996,お家
2997,出歩い
2998,見当
2999,影響
3000,何やつ
3001,事件
3002,起これ
3003,駆けつける
3004,幻想
3005,郷中
3006,脅威
3007,稼業
3008,犯行
3009,現場
3010,人違い
3011,激写
3012,発行
3013,盗撮
3014,趣味
3015,冷やさ
3016,ネガ
3017,寄こせ
3018,デバガメ
3019,野郎
3020,市民
3021,勿体
3022,ぶっ
3023,油断
3024,紛れ
3025,塚
3026,なんざ
3027,たがり
3028,渡ろう
3029,落とし
3030,渡る
3031,以ての外
3032,集まる
3033,ちょいと
3034,つつけ
3035,仕事量
3036,追っつか
3037,行列
3038,ほったらかし
3039,怠慢
3040,けどー
3041,ペース
3042,逆ギレ
3043,可哀想
3044,送れ
3045,正常化
3046,埒
3047,あか
3048,怠け癖
3049,のんびり
3050,容赦
3051,無限大
3052,幅
3053,送る
3054,匹
3055,上司
3056,怒り
3057,おまけ
3058,かっくらっ
3059,灸
3060,据え
3061,憑依
3062,縁故
3063,摘ん
3064,じゃっ
3065,殺人
3066,吐き
3067,こたぁ
3068,此の方
3069,吐い
3070,そのまま
3071,舌
3072,抜か
3073,突然
3074,年寄り
3075,説教
3076,生活
3077,見直す
3078,抜き
3079,刑
3080,予備
3081,用意
3082,減ら
3083,直し
3084,罰
3085,与える
3086,生者
3087,負わ
3088,見つめ
3089,直す
3090,蛙
3091,冷やす
3092,覚め
3093,悪戯
3094,ガマ
3095,遭わさ
3096,通ら
3097,春風
3098,おかず
3099,今晩
3100,訊く
3101,さっそく
3102,のー
3103,想像
3104,にー
3105,ご飯
3106,いくばく
3107,食材
3108,味
3109,起こっ
3110,蜂
3111,紅
3112,日本
3113,家屋
3114,灯り
3115,点け
3116,間違い
3117,通っ
3118,小さな
3119,予感
3120,ぐー
3121,鈴蘭
3122,畑
3123,毒薬
3124,作ろう
3125,ねえ
3126,はき出さ
3127,微量
3128,まわる
3129,蝕ん
3130,精神
3131,うふふ
3132,眠れる
3133,眠く
3134,微弱
3135,覆わ
3136,昨日
3137,遅く
3138,早め
3139,死に物
3140,捨て
3141,化粧品
3142,離れ
3143,躰
3144,かかり
3145,即効性
3146,ベラドンナ
3147,ドリンク
3148,飲み
3149,行ける
3150,尽くし
3151,秋
3152,光景
3153,生命力
3154,重大
3155,やり直せる
3156,思い直す
3157,良
3158,訴える
3159,時期
3160,ご覧
3161,飛び回り
3162,判明
3163,ぎゃあ
3164,狂い咲き
3165,忙し
3166,バロメータ
3167,平和
3168,乱れ
3169,現状
3170,商売
3171,繁盛
3172,花売り
3173,取り憑い
3174,冷た
3175,通わ
3176,金属
3177,下手
3178,生前
3179,行い
3180,疲労
3181,疲れる
3182,悔い改め
3183,後悔
3184,善
3185,非常
3186,嘆かわしい
3187,死後
3188,善い
3189,方法
3190,	

